file 	#reads_raw	#reads_fp1	#reads_clmp	#reads_fp2	#reads_fqscrn	#reads_repr	%_readLoss_fp1	%_readLoss_clmp	%_readLoss_fp2	%_readLoss_fqscrn	%_readLoss_repr	%_total_readLoss
Cha-CPnd_001_Ex1-1A_L4_1.fq.gz	136428786	131917778	45129462	35504290	33192264	32225762	3.30649	65.7897	21.3279	6.51196	2.91183	76.3791
Cha-CPnd_001_Ex1-1A_L4_2.fq.gz	136428786	131917778	45129462	35504290	33251493	32225762	3.30649	65.7897	21.3279	6.34514	3.08477	76.3791
Cha-CPnd_001_Ex1-1H_L4_1.fq.gz	110026355	107818663	42607828	34125683	32139733	31338685	2.00651	60.482	19.9075	5.81952	2.49239	71.5171
Cha-CPnd_001_Ex1-1H_L4_2.fq.gz	110026355	107818663	42607828	34125683	32194188	31338685	2.00651	60.482	19.9075	5.65995	2.65732	71.5171
Cha-CPnd_001_Ex1-2G_L4_1.fq.gz	114914567	112400904	40110336	31309372	29925575	29172652	2.18742	64.3149	21.9419	4.41975	2.51599	74.6136
Cha-CPnd_001_Ex1-2G_L4_2.fq.gz	114914567	112400904	40110336	31309372	29977288	29172652	2.18742	64.3149	21.9419	4.25459	2.68415	74.6136
